<?xml version="1.0" encoding="UTF-8"?>
<project-private xmlns="http://www.netbeans.org/ns/project-private/1">
    <editor-bookmarks xmlns="http://www.netbeans.org/ns/editor-bookmarks/2" lastBookmarkId="0"/>
    <open-files xmlns="http://www.netbeans.org/ns/projectui-open-files/2">
        <group>
            <file>file:/C:/Users/Phone-TRI/Desktop/h11/src/ma/projet/config/hibernate.cfg.xml</file>
            <file>file:/C:/Users/Phone-TRI/Desktop/h11/src/ma/projet/test/Test.java</file>
            <file>file:/C:/Users/Phone-TRI/Desktop/h11/src/ma/projet/util/HibernateUtil.java</file>
            <file>file:/C:/Users/Phone-TRI/Desktop/h11/src/ma/projet/service/ProduitService.java</file>
            <file>file:/C:/Users/Phone-TRI/Desktop/h11/src/ma/projet/dao/IDao.java</file>
            <file>file:/C:/Users/Phone-TRI/Desktop/h11/src/ma/projet/entities/Produit.java</file>
        </group>
    </open-files>
</project-private>
